CODIGO DE BARRAS	DESCRIPCION DEL PRODUCTO	Precio de compra
884885100000	PELOTAS MARCA: N/A - PELOTAS USADAS DOCENA	330.12
192371331323	PELOTAS MARCA: TAYLOR MADE - DISTANCE &#43; CON LOGO - TALLA: N/A	156.89
194518851466	PELOTAS MARCA: CALLAWAY - SUPERSOFT - TALLA: N/A	153.46
BLLMKR01	MARCADOR MARCA: N/A - MARCADOR DE BOLAS N/A - TALLA: N/A	146.74
DIVOT-002	MARCADOR MARCA: N/A - REPARADOR DE DIVOTS N/A - TALLA: N/A	165.00
196665106604	PELOTAS MARCA: TITLEIST - PROV1 - TALLA: N/A	319.05
739248740989	GUANTE MARCA: FOOTJOY - WOMEN WEATHERSOF - TALLA: ML	435.00
881978130384	GUANTE MARCA: PING - SENSOR SPORT N/A - TALLA: LH S	490.00
881978168462	GUANTE MARCA: PING - SPORT N/A - TALLA: LH S	490.00
739248740972	GUANTE MARCA: FOOTJOY - WOMEN WEATHERSOF - TALLA: LH M	435.00
4065423328557	GORRA MARCA: ADIDAS - GOLF PERFORM AEROREADY BLACK - TALLA: UNITALLA	424.00
881978168493	GUANTE MARCA: PING - SPORT N/A - TALLA: RH S	490.00
195245463793	GORRA MARCA: NIKE - LEGACY 910 TURQUESA - TALLA: UNITALLA	646.12
888167654515	GUANTE MARCA: TAYLOR MADE - STRATUS TECH - TALLA: CADET L	287.68
881978168509	GUANTE MARCA: PING - SPORT N/A - TALLA: RH M	490.00
881978130414	GUANTE MARCA: PING - SENSOR SPORT N/A - TALLA: RH S	490.00
881978129951	GUANTE MARCA: PING - SENSOR SPORT N/A - TALLA: RH S	412.50
881978168516	GUANTE MARCA: PING - SPORT N/A - TALLA: RH L	490.00
739248740965	GUANTE MARCA: FOOTJOY - WOMEN WEATHERSOF - TALLA: LH L	435.00
739432174156	GUANTE MARCA: HJ - FUTURE MASTER N/A - TALLA: LH L	247.50
739432174231	GUANTE MARCA: HJ - FUTURE MASTER N/A - TALLA: RH M	247.50
739432043254	GUANTE MARCA: HJ - FUNCTION LADIES N/A - TALLA: RH L	245.00
4064045952270	PLAYERA MARCA: ADIDAS - PRIMEGREEN GREEN WOMEN - TALLA: M - MEDIANO	1,114.00
730262026035	PLAYERA MARCA: CALLAWAY - V COOLING RED - TALLA: M - MEDIANO	1,189.00
4065423332301	GORRA MARCA: ADIDAS - GOLF PERFORM AEROREADY GREY - TALLA: UNITALLA	424.00
730262499563	PLAYERA MARCA: CALLAWAY - V COOLING PURPLE - TALLA: S - PEQUENO	1,189.00
195870992569	GORRA MARCA: NIKE - LEGACY 91 LILA - TALLA: UNITALLA	646.12
193154740981	GORRA MARCA: NIKE - LEGACY 91 - TALLA: UNITALLA	646.12
192938185598	PLAYERA MARCA: G/FORE - CAP - TALLA: M - MEDIANO	2,889.00
885317435147	PLAYERA MARCA: GREG NORMAN - PROTEX MICRO PIQUE POLO NAVY - TALLA: XL - EXTRA GRANDE	644.00
885317780759	PLAYERA MARCA: GREG NORMAN - FAUX LEATHER TRIMMED BLACK - TALLA: XL - EXTRA GRANDE	874.00
885317780766	PLAYERA MARCA: GREG NORMAN - FAUX LEATHER TRIMMED BLACK - TALLA: XXL	874.00
885317780742	PLAYERA MARCA: GREG NORMAN - FAUX LEATHER TRIMMED BLACK - TALLA: L - GRANDE	874.00
885317244305	PLAYERA MARCA: GREG NORMAN - PROTEK MICRO PIQUE POLO BLACK - TALLA: XXL	920.00
885317263818	PLAYERA MARCA: GREG NORMAN - JUNIORS RED - TALLA: M - MEDIANO	1,114.00
885317434904	PLAYERA MARCA: GREG NORMAN - PROTEX MICRO PIQUE POLO BLACK - TALLA: XL - EXTRA GRANDE	644.00
885317434911	PLAYERA MARCA: GREG NORMAN - PROTEX MICRO PIQUE POLO BLACK - TALLA: XXL	644.00
885317783484	PLAYERA MARCA: GREG NORMAN - PROTEX MICRO PIQUE POLO SAPPHIRE - TALLA: XL - EXTRA GRANDE	644.00
192938185604	PLAYERA MARCA: G/FORE - CAP - TALLA: L - GRANDE	2,889.00
193049174525	PLAYERA MARCA: GREG NORMAN - FREEDOM PERFORMANCE NAVY - TALLA: S - PEQUENO	1,956.00
190388347757	PLAYERA MARCA: TRAVIS MATHEW - HEATHER GARNET ROSE - TALLA: M - MEDIANO	1,329.00
194518236836	PELOTAS MARCA: CALLAWAY - CALLAWAY WARBIRD YELLOW - TALLA: UNITALLA	408.20
20001118737	PLAYERA MARCA: ANTIGUA - SALUTE VINO - TALLA: S - PEQUENO	1,189.00
20001118738	PLAYERA MARCA: ANTIGUA - SALUTE VINO - TALLA: M - MEDIANO	1,189.00
4057289809196	BERMUDA MARCA: ADIDAS - ULTIMATE SHRT - TALLA: 10YEARS	783.00
4057289809202	BERMUDA MARCA: ADIDAS - ULTIMATE SHRT JUNIOR - TALLA: 12YEARS	783.00
4064045887053	PLAYERA MARCA: ADIDAS - PRIMEGREEN BLUE WOMEN - TALLA: S - PEQUENO	1,114.00
4064045913776	PLAYERA MARCA: ADIDAS - PRIMEGREEN RED WOMEN - TALLA: L - GRANDE	1,114.00
192938185581	PLAYERA MARCA: G/FORE - CAP - TALLA: S - PEQUENO	2,889.00
4064045913875	PLAYERA MARCA: ADIDAS - PRIMEGREEN RED WOMEN - TALLA: M - MEDIANO	1,114.00
881978130421	GUANTE MARCA: PING - SENSOR SPORT N/A - TALLA: RH M	490.00
885317435949	PLAYERA MARCA: GREG NORMAN - PROTEX MICRO PIQUE POLO BLACK - TALLA: XL - EXTRA GRANDE	644.00
H88	TOALLA FACIAL MARCA: LA JOSEFINA - LOGO PAROTAS BROWN - TALLA: UNITALLA	95.00
H90	TOALLA FACIAL MARCA: LA JOSEFINA - LOGO PAROTAS WHITE - TALLA: UNITALLA	95.00
H89	TOALLA FACIAL MARCA: LA JOSEFINA - LOGO PAROTAS BLACK - TALLA: UNITALLA	95.00
	PLAYERA POLO: TRAVIS MATTHEWS CABALLERO	1,606.60
	PLAYERA POLO: CALLAWAY CABALLERO	1,136.80
	PLAYERA POLO: UNDERARMOUR CABALLERO 	1,298.10
	PLAYERA POLO: TAYLOR BYRD CABALLERO	1,084.60
	PLAYERA POLO: GREG NORMAN CABALLERO	835.20
	PLAYERA POLO: ADIDAS DAMA	1,212.20
	PLAYERA POLO: CALAWAY DAMA	1,136.80
	PLAYERA POLO: CALAWAY JUNIOR	1,136.80
	Guante de golf Caballero: TAYLORMADE STRATUS TECH	407.2
	Guante de golf Caballero: TAYLORMADE STRATUS TECH CADET 	407.20
	GUANTE DE GOLF DAMA: TAYLORMADE STRATUS TECH 	407.20
	GORRA CABALLERO UNDERARMOUR	684.40
	GORRA DAMA UNDERAMOUR	684.40
	GORRA JUNIOR UNDERAMOOUR	684.40
	PELOTAS DE GOLF SLEEVE TITLEIST PROV1	374.10
	PELOTAS DE GOLF SLEEVE CALLAWAY SUPERSORF	374.10
	PELOTAS GOLF SLEEVE TAYLORMADE DISTANCE+	200.10
	PELOTAS USADAS DOCENA	224.20
